[
    {
        "label": "Washington flag",
        "emoji": "✅",
        "description": "Yay! Abortion is legal and protected in your state! Help other states by donating to this link:", 
        "link" : "https://abortionfunds.org"
    },
    {
        "label": "New York flag",
        "emoji": "✅",
        "description": "Yay! Abortion is legal and protected in your state!                                                   Check out this helpful donation link:",
        "link" : "https://abortionfunds.org"
    },
    {
        "label": "Texas flag",
        "emoji": "❌",
        "description": "Abortion is not legal and not protected in your state even in cases of rape or incest. The nearest state you can recieve an abortion is New Mexico.                                                                         Check out this helpful donation link:",
        "link" : "https://abortionfunds.org"
    },
    {
        "label": "Wyoming flag",
        "emoji": "🔜",
        "description": "Abortion is not legal and protected in your state unless their is documented proof of rape or incest. The closest state to get a legal abortion is in Colorado.                                                                      Check out this helpful donation link:",
        "link" : "https://abortionfunds.org"
    },
    {
        "label": "Utah flag",
        "emoji": "🔜",
        "description": "There is a trigger law set to ban abortion was blocked by the judge temporarily. The law will contain narrow exceptions for rape, incest, and the mothers health. The nearest states are Nevada and Colorado.                       Check out this helpful donation link:",
        "link" : "https://abortionfunds.org"

    },
    {
        "label": "Idaho flag",
        "emoji": "🔜",
        "description": "There is a trigger laws that make it illegal to recieve or perform an abortion unless there is police documentation of rape or incest. The nearest state is Montana.                                                        Check out this helpful donation link:",
        "link" : "https://abortionfunds.org"

    }
]
